song_name,game_name
SH1_FearOfTheDark,SH1
SH1_KaufmannTheme,SH1
SH1_KillingTime,SH1
SH1_NotTomorrow_V1,SH1
SH1_NotTomorrow_V2,SH1
SH1_Otherside,SH1
SH1_She,SH1
SH1_SilentHill_V1,SH1
SH1_SilentHill_V2,SH1
SH1_TearsOf_V1,SH1
SH1_TearsOf_V2,SH1
SH2_AloneInTheTown,SH2
SH2_AngelsThanatos,SH2
SH2_DogEnding,SH2
SH2_LovePsalm,SH2
SH2_Magdalene_V1,SH2
SH2_Magdalene_V2,SH2
SH2_OverdoseDelusion_V1,SH2
SH2_OverdoseDelusion_V2,SH2
SH2_PromiseReprise_V1,SH2
SH2_PromiseReprise_V2,SH2
SH2_Promise_V1,SH2
SH2_Promise_V2,SH2
SH2_Promise_V3,SH2
SH2_ThemeOfLauraReprise_V1,SH2
SH2_ThemeOfLauraReprise_V2,SH2
SH2_ThemeOfLaura_V1,SH2
SH2_ThemeOfLaura_V2,SH2
SH2_ThemeOfLaura_V3,SH2
SH2_ThemeOfLaura_V4,SH2
SH2_True_V1,SH2
SH2_True_V2,SH2
SH2_WishfulThinking,SH2
SH3_DanceWithNightWind,SH3
SH3_EndOfSmallSanctuary,SH3
SH3_IWantLove,SH3
SH3_NeverForgiveMe_NeverForgetMe,SH3
SH3_PleaseLoveMe_V1,SH3
SH3_PleaseLoveMe_V2,SH3
SH3_YouAreNotHere,SH3
SH4_CradleOfForest,SH4
SH4_DropsOfShame,SH4
SH4_MelancholyRequiem,SH4
SH4_NightmarishWaltz,SH4
SH4_RoomOfAngel_V1,SH4
SH4_RoomOfAngel_V2,SH4
SH4_TenderSugar,SH4
SH4_WaitingForYou,SH4
SH4_Waverer,SH4
SH4_YourRain,SH4